{"cameraMode":{"drawMode":0,"name":"Shaded","section":"Shading Mode"},"sceneLighting":true,"audioPlay":false,"sceneViewState":{"showFog":true,"showMaterialUpdate":true,"showSkybox":true,"showFlares":true,"showImageEffects":true,"showParticleSystems":true},"in2DMode":false,"pivot":{"x":-0.13675212860107423,"y":-0.0604541152715683,"z":0.2877875864505768},"rotation":{"x":-0.1467115730047226,"y":0.19797678291797639,"z":-0.029983988031744958,"w":-0.968701183795929},"size":0.20224100351333619,"orthographic":false}