{"cameraMode":{"drawMode":0,"name":"Shaded","section":"Shading Mode"},"sceneLighting":true,"audioPlay":false,"sceneViewState":{"showFog":false,"showMaterialUpdate":false,"showSkybox":false,"showFlares":false,"showImageEffects":false,"showParticleSystems":false},"in2DMode":false,"pivot":{"x":2644.833984375,"y":-308.018310546875,"z":1475.118896484375},"rotation":{"x":-0.18644127249717713,"y":-0.4092254638671875,"z":0.08581850677728653,"w":-0.8890497088432312},"size":4293.06005859375,"orthographic":false}