{"cameraMode":{"drawMode":0,"name":"Shaded","section":"Shading Mode"},"sceneLighting":true,"audioPlay":false,"sceneViewState":{"showFog":true,"showMaterialUpdate":true,"showSkybox":true,"showFlares":true,"showImageEffects":true,"showParticleSystems":true},"in2DMode":false,"pivot":{"x":3.745654821395874,"y":-1.0177183151245118,"z":-0.03128623962402344},"rotation":{"x":0.02421286143362522,"y":0.9757466316223145,"z":-0.1582765132188797,"w":0.1492672860622406},"size":16.205341339111329,"orthographic":false}